ligand,predicted_affinity,
/home/zdy/Project2/data/case/HIV-1-Protease/mol2/ZINC000585145908.mol2,10.38443923,-6.6
/home/zdy/Project2/data/case/HIV-1-Protease/mol2/ZINC000012917005.mol2,9.423262477,-9.5
/home/zdy/Project2/data/case/HIV-1-Protease/mol2/ZINC000016652612.mol2,9.363557696,-6.8
/home/zdy/Project2/data/case/HIV-1-Protease/mol2/ZINC000079017702.mol2,9.242340922,-9.5
/home/zdy/Project2/data/case/HIV-1-Protease/mol2/ZINC000079017700.mol2,9.242340922,-8.6
/home/zdy/Project2/data/case/HIV-1-Protease/mol2/ZINC000012785195.mol2,9.108846188,-7
/home/zdy/Project2/data/case/HIV-1-Protease/mol2/ZINC000085642150.mol2,8.822315931,-9.9
/home/zdy/Project2/data/case/HIV-1-Protease/mol2/ZINC000155264304.mol2,8.807188869,-8
/home/zdy/Project2/data/case/HIV-1-Protease/mol2/ZINC000155264071.mol2,8.807188869,-7.6
/home/zdy/Project2/data/case/HIV-1-Protease/mol2/ZINC000408702281.mol2,8.720642328,-9
/home/zdy/Project2/data/case/HIV-1-Protease/mol2/ZINC000408702282.mol2,8.691418171,-10.2
/home/zdy/Project2/data/case/HIV-1-Protease/mol2/ZINC000007309543.mol2,8.657856584,-7.8
/home/zdy/Project2/data/case/HIV-1-Protease/mol2/ZINC000012917010.mol2,8.651082516,-9.8
/home/zdy/Project2/data/case/HIV-1-Protease/mol2/ZINC000009052241.mol2,8.564508557,-5.5
/home/zdy/Project2/data/case/HIV-1-Protease/mol2/ZINC000012622968.mol2,8.531420827,-6.2
/home/zdy/Project2/data/case/HIV-1-Protease/mol2/ZINC000004452614.mol2,8.527454734,-8.7
/home/zdy/Project2/data/case/HIV-1-Protease/mol2/ZINC000003623097.mol2,8.487163186,-4.1
/home/zdy/Project2/data/case/HIV-1-Protease/mol2/ZINC000096340609.mol2,8.475567102,
/home/zdy/Project2/data/case/HIV-1-Protease/mol2/ZINC000408703968.mol2,8.420671225,
/home/zdy/Project2/data/case/HIV-1-Protease/mol2/ZINC000007309541.mol2,8.378569484,
/home/zdy/Project2/data/case/HIV-1-Protease/mol2/ZINC000408703969.mol2,8.285292387,
/home/zdy/Project2/data/case/HIV-1-Protease/mol2/ZINC000004653832.mol2,8.19211483,
/home/zdy/Project2/data/case/HIV-1-Protease/mol2/ZINC000020781428.mol2,8.12690258,
/home/zdy/Project2/data/case/HIV-1-Protease/mol2/ZINC000009419409.mol2,8.027701974,
/home/zdy/Project2/data/case/HIV-1-Protease/mol2/ZINC000016650622.mol2,7.97104001,
/home/zdy/Project2/data/case/HIV-1-Protease/mol2/ZINC000016650620.mol2,7.97104001,
/home/zdy/Project2/data/case/HIV-1-Protease/mol2/ZINC000004785190.mol2,7.958961725,
/home/zdy/Project2/data/case/HIV-1-Protease/mol2/ZINC000019929576.mol2,7.943600416,
/home/zdy/Project2/data/case/HIV-1-Protease/mol2/ZINC000076066614.mol2,7.942172289,
/home/zdy/Project2/data/case/HIV-1-Protease/mol2/ZINC000408533121.mol2,7.92959094,
/home/zdy/Project2/data/case/HIV-1-Protease/mol2/ZINC000155263958.mol2,7.916172147,
/home/zdy/Project2/data/case/HIV-1-Protease/mol2/ZINC000155264192.mol2,7.916172147,
/home/zdy/Project2/data/case/HIV-1-Protease/mol2/ZINC000012821192.mol2,7.915744185,
/home/zdy/Project2/data/case/HIV-1-Protease/mol2/ZINC000154173577.mol2,7.909952402,
/home/zdy/Project2/data/case/HIV-1-Protease/mol2/ZINC000012850796.mol2,7.862055302,
/home/zdy/Project2/data/case/HIV-1-Protease/mol2/ZINC000012809650.mol2,7.847795486,
/home/zdy/Project2/data/case/HIV-1-Protease/mol2/ZINC000032550567.mol2,7.839156985,
/home/zdy/Project2/data/case/HIV-1-Protease/mol2/ZINC000026782519.mol2,7.834849954,
/home/zdy/Project2/data/case/HIV-1-Protease/mol2/ZINC000009096929.mol2,7.803516388,
/home/zdy/Project2/data/case/HIV-1-Protease/mol2/ZINC000426410422.mol2,7.801529765,
/home/zdy/Project2/data/case/HIV-1-Protease/mol2/ZINC000014980934.mol2,7.791438103,
/home/zdy/Project2/data/case/HIV-1-Protease/mol2/ZINC000009511985.mol2,7.75765419,
/home/zdy/Project2/data/case/HIV-1-Protease/mol2/ZINC000013656361.mol2,7.721529007,
/home/zdy/Project2/data/case/HIV-1-Protease/mol2/ZINC000013656358.mol2,7.721529007,
/home/zdy/Project2/data/case/HIV-1-Protease/mol2/ZINC000000798130.mol2,7.706464529,
/home/zdy/Project2/data/case/HIV-1-Protease/mol2/ZINC000004452616.mol2,7.683122158,
/home/zdy/Project2/data/case/HIV-1-Protease/mol2/ZINC000010753595.mol2,7.614313364,
/home/zdy/Project2/data/case/HIV-1-Protease/mol2/ZINC000408533124.mol2,7.593146563,
/home/zdy/Project2/data/case/HIV-1-Protease/mol2/ZINC000012917008.mol2,7.590658665,
/home/zdy/Project2/data/case/HIV-1-Protease/mol2/ZINC000079016382.mol2,7.588429451,
/home/zdy/Project2/data/case/HIV-1-Protease/mol2/ZINC000079016384.mol2,7.588429451,
/home/zdy/Project2/data/case/HIV-1-Protease/mol2/ZINC000409078019.mol2,7.586289048,
/home/zdy/Project2/data/case/HIV-1-Protease/mol2/ZINC000007794231.mol2,7.585580349,
/home/zdy/Project2/data/case/HIV-1-Protease/mol2/ZINC000016625016.mol2,7.584530115,
/home/zdy/Project2/data/case/HIV-1-Protease/mol2/ZINC000003623094.mol2,7.535862923,
/home/zdy/Project2/data/case/HIV-1-Protease/mol2/ZINC000012917015.mol2,7.52387464,
/home/zdy/Project2/data/case/HIV-1-Protease/mol2/ZINC000012993008.mol2,7.509444356,
/home/zdy/Project2/data/case/HIV-1-Protease/mol2/ZINC000004785188.mol2,7.502291799,
/home/zdy/Project2/data/case/HIV-1-Protease/mol2/ZINC000009134027.mol2,7.491362691,
/home/zdy/Project2/data/case/HIV-1-Protease/mol2/ZINC000009419410.mol2,7.486388087,
/home/zdy/Project2/data/case/HIV-1-Protease/mol2/ZINC000026782520.mol2,7.477695346,
/home/zdy/Project2/data/case/HIV-1-Protease/mol2/ZINC000010662660.mol2,7.452373505,
/home/zdy/Project2/data/case/HIV-1-Protease/mol2/ZINC000245039133.mol2,7.451652288,
/home/zdy/Project2/data/case/HIV-1-Protease/mol2/ZINC000004622639.mol2,7.39407897,
/home/zdy/Project2/data/case/HIV-1-Protease/mol2/ZINC000012922352.mol2,7.388705611,
/home/zdy/Project2/data/case/HIV-1-Protease/mol2/ZINC000003024936.mol2,7.35965848,
/home/zdy/Project2/data/case/HIV-1-Protease/mol2/ZINC000060348752.mol2,7.348510027,
/home/zdy/Project2/data/case/HIV-1-Protease/mol2/ZINC000019930088.mol2,7.312303185,
/home/zdy/Project2/data/case/HIV-1-Protease/mol2/ZINC000185955228.mol2,7.311945558,
/home/zdy/Project2/data/case/HIV-1-Protease/mol2/ZINC000012821194.mol2,7.29663372,
/home/zdy/Project2/data/case/HIV-1-Protease/mol2/ZINC000032909194.mol2,7.290321589,
/home/zdy/Project2/data/case/HIV-1-Protease/mol2/ZINC000065363830.mol2,7.260515094,
/home/zdy/Project2/data/case/HIV-1-Protease/mol2/ZINC000013831714.mol2,7.244387269,
/home/zdy/Project2/data/case/HIV-1-Protease/mol2/ZINC000065625727.mol2,7.240148187,
/home/zdy/Project2/data/case/HIV-1-Protease/mol2/ZINC000065363829.mol2,7.21660912,
/home/zdy/Project2/data/case/HIV-1-Protease/mol2/ZINC000014980932.mol2,7.216494679,
/home/zdy/Project2/data/case/HIV-1-Protease/mol2/ZINC000237507918.mol2,7.186258435,
/home/zdy/Project2/data/case/HIV-1-Protease/mol2/ZINC000048142393.mol2,7.18344748,
/home/zdy/Project2/data/case/HIV-1-Protease/mol2/ZINC000028208282.mol2,7.178529501,
/home/zdy/Project2/data/case/HIV-1-Protease/mol2/ZINC000011717562.mol2,7.1779567,
/home/zdy/Project2/data/case/HIV-1-Protease/mol2/ZINC000085467230.mol2,7.17792213,
/home/zdy/Project2/data/case/HIV-1-Protease/mol2/ZINC000013117956.mol2,7.172476649,
/home/zdy/Project2/data/case/HIV-1-Protease/mol2/ZINC000013117958.mol2,7.172476649,
/home/zdy/Project2/data/case/HIV-1-Protease/mol2/ZINC000072194202.mol2,7.166404724,
/home/zdy/Project2/data/case/HIV-1-Protease/mol2/ZINC000058441530.mol2,7.152908444,
/home/zdy/Project2/data/case/HIV-1-Protease/mol2/ZINC000058441528.mol2,7.128936052,
/home/zdy/Project2/data/case/HIV-1-Protease/mol2/ZINC000072346041.mol2,7.11410284,
/home/zdy/Project2/data/case/HIV-1-Protease/mol2/ZINC000072346040.mol2,7.11410284,
/home/zdy/Project2/data/case/HIV-1-Protease/mol2/ZINC000008220330.mol2,7.10652113,
/home/zdy/Project2/data/case/HIV-1-Protease/mol2/ZINC000028207189.mol2,7.096203566,
/home/zdy/Project2/data/case/HIV-1-Protease/mol2/ZINC000032926714.mol2,7.09493041,
/home/zdy/Project2/data/case/HIV-1-Protease/mol2/ZINC000584887901.mol2,7.078092694,
/home/zdy/Project2/data/case/HIV-1-Protease/mol2/ZINC000584887900.mol2,7.078092694,
/home/zdy/Project2/data/case/HIV-1-Protease/mol2/ZINC000013004650.mol2,7.076536417,
/home/zdy/Project2/data/case/HIV-1-Protease/mol2/ZINC000028207877.mol2,7.068564892,
/home/zdy/Project2/data/case/HIV-1-Protease/mol2/ZINC000017301920.mol2,7.055471539,
/home/zdy/Project2/data/case/HIV-1-Protease/mol2/ZINC000001741503.mol2,7.054898143,
/home/zdy/Project2/data/case/HIV-1-Protease/mol2/ZINC000032665136.mol2,7.050311565,
/home/zdy/Project2/data/case/HIV-1-Protease/mol2/ZINC000048142396.mol2,7.048834562,
/home/zdy/Project2/data/case/HIV-1-Protease/mol2/ZINC000065225071.mol2,7.035235763,
/home/zdy/Project2/data/case/HIV-1-Protease/mol2/ZINC000002813421.mol2,7.025719285,
/home/zdy/Project2/data/case/HIV-1-Protease/mol2/ZINC000651783070.mol2,7.013448477,
/home/zdy/Project2/data/case/HIV-1-Protease/mol2/ZINC000028208433.mol2,7.011016607,
/home/zdy/Project2/data/case/HIV-1-Protease/mol2/ZINC000009134025.mol2,6.984881163,
/home/zdy/Project2/data/case/HIV-1-Protease/mol2/ZINC000002875367.mol2,6.969113946,
/home/zdy/Project2/data/case/HIV-1-Protease/mol2/ZINC000408612539.mol2,6.943474412,
/home/zdy/Project2/data/case/HIV-1-Protease/mol2/ZINC000222662148.mol2,6.943216324,
/home/zdy/Project2/data/case/HIV-1-Protease/mol2/ZINC000222662084.mol2,6.943216324,
/home/zdy/Project2/data/case/HIV-1-Protease/mol2/ZINC000012933239.mol2,6.94265604,
/home/zdy/Project2/data/case/HIV-1-Protease/mol2/ZINC000409142268.mol2,6.934229732,
/home/zdy/Project2/data/case/HIV-1-Protease/mol2/ZINC000004985930.mol2,6.931987405,
/home/zdy/Project2/data/case/HIV-1-Protease/mol2/ZINC000009096930.mol2,6.925391555,
/home/zdy/Project2/data/case/HIV-1-Protease/mol2/ZINC000060348751.mol2,6.925184727,
/home/zdy/Project2/data/case/HIV-1-Protease/mol2/ZINC000012146325.mol2,6.918119788,
/home/zdy/Project2/data/case/HIV-1-Protease/mol2/ZINC000408608234.mol2,6.911720037,
/home/zdy/Project2/data/case/HIV-1-Protease/mol2/ZINC000096120093.mol2,6.909964681,
/home/zdy/Project2/data/case/HIV-1-Protease/mol2/ZINC000003004194.mol2,6.901907325,
/home/zdy/Project2/data/case/HIV-1-Protease/mol2/ZINC000032867738.mol2,6.900404692,
/home/zdy/Project2/data/case/HIV-1-Protease/mol2/ZINC000010679653.mol2,6.899917126,
/home/zdy/Project2/data/case/HIV-1-Protease/mol2/ZINC000408781783.mol2,6.896748543,
/home/zdy/Project2/data/case/HIV-1-Protease/mol2/ZINC000408618781.mol2,6.89468503,
/home/zdy/Project2/data/case/HIV-1-Protease/mol2/ZINC000067338662.mol2,6.892963052,
/home/zdy/Project2/data/case/HIV-1-Protease/mol2/ZINC000032665137.mol2,6.891280413,
/home/zdy/Project2/data/case/HIV-1-Protease/mol2/ZINC000034812841.mol2,6.886277795,
/home/zdy/Project2/data/case/HIV-1-Protease/mol2/ZINC000034812840.mol2,6.886277795,
/home/zdy/Project2/data/case/HIV-1-Protease/mol2/ZINC000408781785.mol2,6.867668629,
/home/zdy/Project2/data/case/HIV-1-Protease/mol2/ZINC000028207815.mol2,6.864107847,
/home/zdy/Project2/data/case/HIV-1-Protease/mol2/ZINC000409142269.mol2,6.854724884,
/home/zdy/Project2/data/case/HIV-1-Protease/mol2/ZINC000004977041.mol2,6.843219399,
/home/zdy/Project2/data/case/HIV-1-Protease/mol2/ZINC000012438637.mol2,6.833831072,
/home/zdy/Project2/data/case/HIV-1-Protease/mol2/ZINC000067338665.mol2,6.833131909,
/home/zdy/Project2/data/case/HIV-1-Protease/mol2/ZINC000019929932.mol2,6.826887727,
/home/zdy/Project2/data/case/HIV-1-Protease/mol2/ZINC000019929934.mol2,6.826887727,
/home/zdy/Project2/data/case/HIV-1-Protease/mol2/ZINC000020032655.mol2,6.819802523,
/home/zdy/Project2/data/case/HIV-1-Protease/mol2/ZINC000020069904.mol2,6.805973649,
/home/zdy/Project2/data/case/HIV-1-Protease/mol2/ZINC000065467385.mol2,6.802019477,
/home/zdy/Project2/data/case/HIV-1-Protease/mol2/ZINC000072134728.mol2,6.794922948,
/home/zdy/Project2/data/case/HIV-1-Protease/mol2/ZINC000072134729.mol2,6.794922948,
/home/zdy/Project2/data/case/HIV-1-Protease/mol2/ZINC000020021229.mol2,6.791282296,
/home/zdy/Project2/data/case/HIV-1-Protease/mol2/ZINC000004888779.mol2,6.786471605,
/home/zdy/Project2/data/case/HIV-1-Protease/mol2/ZINC000408603493.mol2,6.770413518,
/home/zdy/Project2/data/case/HIV-1-Protease/mol2/ZINC000096121979.mol2,6.767916679,
/home/zdy/Project2/data/case/HIV-1-Protease/mol2/ZINC000001122759.mol2,6.7582798,
/home/zdy/Project2/data/case/HIV-1-Protease/mol2/ZINC000013059066.mol2,6.756668687,
/home/zdy/Project2/data/case/HIV-1-Protease/mol2/ZINC000016651886.mol2,6.749711037,
/home/zdy/Project2/data/case/HIV-1-Protease/mol2/ZINC000006707166.mol2,6.743468046,
/home/zdy/Project2/data/case/HIV-1-Protease/mol2/ZINC000012622971.mol2,6.705177426,
/home/zdy/Project2/data/case/HIV-1-Protease/mol2/ZINC000065385089.mol2,6.692703366,
/home/zdy/Project2/data/case/HIV-1-Protease/mol2/ZINC000072462892.mol2,6.691977382,
/home/zdy/Project2/data/case/HIV-1-Protease/mol2/ZINC000008224156.mol2,6.686860323,
/home/zdy/Project2/data/case/HIV-1-Protease/mol2/ZINC000014182802.mol2,6.684236526,
/home/zdy/Project2/data/case/HIV-1-Protease/mol2/ZINC000408586446.mol2,6.680519581,
/home/zdy/Project2/data/case/HIV-1-Protease/mol2/ZINC000058191032.mol2,6.665162444,
/home/zdy/Project2/data/case/HIV-1-Protease/mol2/ZINC000017320859.mol2,6.662543416,
/home/zdy/Project2/data/case/HIV-1-Protease/mol2/ZINC000008699061.mol2,6.66164577,
/home/zdy/Project2/data/case/HIV-1-Protease/mol2/ZINC000016084487.mol2,6.641675234,
/home/zdy/Project2/data/case/HIV-1-Protease/mol2/ZINC000012747667.mol2,6.635395885,
/home/zdy/Project2/data/case/HIV-1-Protease/mol2/ZINC000023805398.mol2,6.623872519,
/home/zdy/Project2/data/case/HIV-1-Protease/mol2/ZINC000028654819.mol2,6.621924043,
/home/zdy/Project2/data/case/HIV-1-Protease/mol2/ZINC000028207874.mol2,6.614552736,
/home/zdy/Project2/data/case/HIV-1-Protease/mol2/ZINC000095432519.mol2,6.604737043,
/home/zdy/Project2/data/case/HIV-1-Protease/mol2/ZINC000006678212.mol2,6.589871049,
/home/zdy/Project2/data/case/HIV-1-Protease/mol2/ZINC000023805396.mol2,6.58495307,
/home/zdy/Project2/data/case/HIV-1-Protease/mol2/ZINC000004454906.mol2,6.579911709,
/home/zdy/Project2/data/case/HIV-1-Protease/mol2/ZINC000013042472.mol2,6.573269963,
/home/zdy/Project2/data/case/HIV-1-Protease/mol2/ZINC000071850197.mol2,6.570799947,
/home/zdy/Project2/data/case/HIV-1-Protease/mol2/ZINC000071850196.mol2,6.570799947,
/home/zdy/Project2/data/case/HIV-1-Protease/mol2/ZINC000002958767.mol2,6.570351124,
/home/zdy/Project2/data/case/HIV-1-Protease/mol2/ZINC000003457872.mol2,6.542876363,
/home/zdy/Project2/data/case/HIV-1-Protease/mol2/ZINC000001143057.mol2,6.533982158,
/home/zdy/Project2/data/case/HIV-1-Protease/mol2/ZINC000001098827.mol2,6.52816534,
/home/zdy/Project2/data/case/HIV-1-Protease/mol2/ZINC000017847791.mol2,6.523914933,
/home/zdy/Project2/data/case/HIV-1-Protease/mol2/ZINC000013654996.mol2,6.503026485,
/home/zdy/Project2/data/case/HIV-1-Protease/mol2/ZINC000096098257.mol2,6.49844408,
/home/zdy/Project2/data/case/HIV-1-Protease/mol2/ZINC000408619625.mol2,6.495807171,
/home/zdy/Project2/data/case/HIV-1-Protease/mol2/ZINC000028648053.mol2,6.482926607,
/home/zdy/Project2/data/case/HIV-1-Protease/mol2/ZINC000072354602.mol2,6.481598616,
/home/zdy/Project2/data/case/HIV-1-Protease/mol2/ZINC000072354603.mol2,6.481598616,
/home/zdy/Project2/data/case/HIV-1-Protease/mol2/ZINC000053895125.mol2,6.478403211,
/home/zdy/Project2/data/case/HIV-1-Protease/mol2/ZINC000053895126.mol2,6.478403211,
/home/zdy/Project2/data/case/HIV-1-Protease/mol2/ZINC000003457874.mol2,6.469030976,
/home/zdy/Project2/data/case/HIV-1-Protease/mol2/ZINC000408926338.mol2,6.46658957,
/home/zdy/Project2/data/case/HIV-1-Protease/mol2/ZINC000408627012.mol2,6.455146074,
/home/zdy/Project2/data/case/HIV-1-Protease/mol2/ZINC000004454904.mol2,6.43461585,
/home/zdy/Project2/data/case/HIV-1-Protease/mol2/ZINC000021185450.mol2,6.41521275,
/home/zdy/Project2/data/case/HIV-1-Protease/mol2/ZINC000013654998.mol2,6.409638524,
/home/zdy/Project2/data/case/HIV-1-Protease/mol2/ZINC000408784474.mol2,6.406456828,
/home/zdy/Project2/data/case/HIV-1-Protease/mol2/ZINC000012897452.mol2,6.397735476,
/home/zdy/Project2/data/case/HIV-1-Protease/mol2/ZINC000010912058.mol2,6.388762593,
/home/zdy/Project2/data/case/HIV-1-Protease/mol2/ZINC000024864864.mol2,6.382193565,
/home/zdy/Project2/data/case/HIV-1-Protease/mol2/ZINC000028208302.mol2,6.38171792,
/home/zdy/Project2/data/case/HIV-1-Protease/mol2/ZINC000028207359.mol2,6.363700032,
/home/zdy/Project2/data/case/HIV-1-Protease/mol2/ZINC000001028337.mol2,6.362966895,
/home/zdy/Project2/data/case/HIV-1-Protease/mol2/ZINC000096120094.mol2,6.32586658,
/home/zdy/Project2/data/case/HIV-1-Protease/mol2/ZINC000026753615.mol2,6.313307881,
/home/zdy/Project2/data/case/HIV-1-Protease/mol2/ZINC000047267020.mol2,6.313171387,
/home/zdy/Project2/data/case/HIV-1-Protease/mol2/ZINC000019930350.mol2,6.305208802,
/home/zdy/Project2/data/case/HIV-1-Protease/mol2/ZINC000019930352.mol2,6.305208802,
/home/zdy/Project2/data/case/HIV-1-Protease/mol2/ZINC000024686440.mol2,6.29632473,
/home/zdy/Project2/data/case/HIV-1-Protease/mol2/ZINC000065364964.mol2,6.275889874,
/home/zdy/Project2/data/case/HIV-1-Protease/mol2/ZINC000021886691.mol2,6.274763942,
/home/zdy/Project2/data/case/HIV-1-Protease/mol2/ZINC000001119324.mol2,6.273819804,
/home/zdy/Project2/data/case/HIV-1-Protease/mol2/ZINC000080819421.mol2,6.272674799,
/home/zdy/Project2/data/case/HIV-1-Protease/mol2/ZINC000009314805.mol2,6.268962026,
/home/zdy/Project2/data/case/HIV-1-Protease/mol2/ZINC000097166177.mol2,6.268518567,
/home/zdy/Project2/data/case/HIV-1-Protease/mol2/ZINC000002455246.mol2,6.255789399,
/home/zdy/Project2/data/case/HIV-1-Protease/mol2/ZINC000012609436.mol2,6.237254739,
/home/zdy/Project2/data/case/HIV-1-Protease/mol2/ZINC000077523565.mol2,6.237213016,
/home/zdy/Project2/data/case/HIV-1-Protease/mol2/ZINC000009058058.mol2,6.228145361,
/home/zdy/Project2/data/case/HIV-1-Protease/mol2/ZINC000015386090.mol2,6.22246027,
/home/zdy/Project2/data/case/HIV-1-Protease/mol2/ZINC000015386087.mol2,6.22246027,
/home/zdy/Project2/data/case/HIV-1-Protease/mol2/ZINC000004218212.mol2,6.2166816,
/home/zdy/Project2/data/case/HIV-1-Protease/mol2/ZINC000001166468.mol2,6.215650439,
/home/zdy/Project2/data/case/HIV-1-Protease/mol2/ZINC000036885571.mol2,6.203141212,
/home/zdy/Project2/data/case/HIV-1-Protease/mol2/ZINC000072108397.mol2,6.198434234,
/home/zdy/Project2/data/case/HIV-1-Protease/mol2/ZINC000028207362.mol2,6.197820902,
/home/zdy/Project2/data/case/HIV-1-Protease/mol2/ZINC000007881274.mol2,6.191866398,
/home/zdy/Project2/data/case/HIV-1-Protease/mol2/ZINC000007881273.mol2,6.191866398,
/home/zdy/Project2/data/case/HIV-1-Protease/mol2/ZINC000008167302.mol2,6.188649535,
/home/zdy/Project2/data/case/HIV-1-Protease/mol2/ZINC000047267022.mol2,6.179603338,
/home/zdy/Project2/data/case/HIV-1-Protease/mol2/ZINC000408581868.mol2,6.171281934,
/home/zdy/Project2/data/case/HIV-1-Protease/mol2/ZINC000004811634.mol2,6.167947054,
/home/zdy/Project2/data/case/HIV-1-Protease/mol2/ZINC000091645915.mol2,6.166290641,
/home/zdy/Project2/data/case/HIV-1-Protease/mol2/ZINC000408581869.mol2,6.153406501,
/home/zdy/Project2/data/case/HIV-1-Protease/mol2/ZINC000018079442.mol2,6.150982976,
/home/zdy/Project2/data/case/HIV-1-Protease/mol2/ZINC000028208310.mol2,6.14985466,
/home/zdy/Project2/data/case/HIV-1-Protease/mol2/ZINC000022227429.mol2,6.133855581,
/home/zdy/Project2/data/case/HIV-1-Protease/mol2/ZINC000107540100.mol2,6.132589579,
/home/zdy/Project2/data/case/HIV-1-Protease/mol2/ZINC000028207179.mol2,6.117398143,
/home/zdy/Project2/data/case/HIV-1-Protease/mol2/ZINC000002961379.mol2,6.112501025,
/home/zdy/Project2/data/case/HIV-1-Protease/mol2/ZINC000408600762.mol2,6.103639007,
/home/zdy/Project2/data/case/HIV-1-Protease/mol2/ZINC000003427413.mol2,6.100329757,
/home/zdy/Project2/data/case/HIV-1-Protease/mol2/ZINC000028207182.mol2,6.094897389,
/home/zdy/Project2/data/case/HIV-1-Protease/mol2/ZINC000075144295.mol2,6.094490886,
/home/zdy/Project2/data/case/HIV-1-Protease/mol2/ZINC000075144291.mol2,6.094490886,
/home/zdy/Project2/data/case/HIV-1-Protease/mol2/ZINC000007881121.mol2,6.09126389,
/home/zdy/Project2/data/case/HIV-1-Protease/mol2/ZINC000004977040.mol2,6.085204482,
/home/zdy/Project2/data/case/HIV-1-Protease/mol2/ZINC000009510254.mol2,6.08441174,
/home/zdy/Project2/data/case/HIV-1-Protease/mol2/ZINC000022228229.mol2,6.077811122,
/home/zdy/Project2/data/case/HIV-1-Protease/mol2/ZINC000223047573.mol2,6.074338555,
/home/zdy/Project2/data/case/HIV-1-Protease/mol2/ZINC000299804013.mol2,6.073801517,
/home/zdy/Project2/data/case/HIV-1-Protease/mol2/ZINC000021838856.mol2,6.072744131,
/home/zdy/Project2/data/case/HIV-1-Protease/mol2/ZINC000002869077.mol2,6.071106195,
/home/zdy/Project2/data/case/HIV-1-Protease/mol2/ZINC000004653831.mol2,6.063812971,
/home/zdy/Project2/data/case/HIV-1-Protease/mol2/ZINC000185955206.mol2,6.049981713,
/home/zdy/Project2/data/case/HIV-1-Protease/mol2/ZINC000026753611.mol2,6.048259735,
/home/zdy/Project2/data/case/HIV-1-Protease/mol2/ZINC000032926715.mol2,6.040953398,
/home/zdy/Project2/data/case/HIV-1-Protease/mol2/ZINC000409178969.mol2,6.032856703,
/home/zdy/Project2/data/case/HIV-1-Protease/mol2/ZINC000408551822.mol2,6.030050516,
/home/zdy/Project2/data/case/HIV-1-Protease/mol2/ZINC000408621012.mol2,6.028780341,
/home/zdy/Project2/data/case/HIV-1-Protease/mol2/ZINC000408621019.mol2,6.028780341,
/home/zdy/Project2/data/case/HIV-1-Protease/mol2/ZINC000026766401.mol2,6.028100252,
/home/zdy/Project2/data/case/HIV-1-Protease/mol2/ZINC000042036368.mol2,6.025558114,
/home/zdy/Project2/data/case/HIV-1-Protease/mol2/ZINC000042036370.mol2,6.025558114,
/home/zdy/Project2/data/case/HIV-1-Protease/mol2/ZINC000012758371.mol2,6.024076343,
/home/zdy/Project2/data/case/HIV-1-Protease/mol2/ZINC000004838960.mol2,6.016619802,
/home/zdy/Project2/data/case/HIV-1-Protease/mol2/ZINC000408600670.mol2,6.002494097,
/home/zdy/Project2/data/case/HIV-1-Protease/mol2/ZINC000024686437.mol2,6.002198458,
/home/zdy/Project2/data/case/HIV-1-Protease/mol2/ZINC000039985873.mol2,5.997855067,
/home/zdy/Project2/data/case/HIV-1-Protease/mol2/ZINC000010753586.mol2,5.976261497,
/home/zdy/Project2/data/case/HIV-1-Protease/mol2/ZINC000062132516.mol2,5.966094136,
/home/zdy/Project2/data/case/HIV-1-Protease/mol2/ZINC000012982507.mol2,5.963113308,
/home/zdy/Project2/data/case/HIV-1-Protease/mol2/ZINC000014795775.mol2,5.954936147,
/home/zdy/Project2/data/case/HIV-1-Protease/mol2/ZINC000012793042.mol2,5.948441625,
/home/zdy/Project2/data/case/HIV-1-Protease/mol2/ZINC000013267704.mol2,5.934222937,
/home/zdy/Project2/data/case/HIV-1-Protease/mol2/ZINC000084579080.mol2,5.918924809,
/home/zdy/Project2/data/case/HIV-1-Protease/mol2/ZINC000015386089.mol2,5.916116238,
/home/zdy/Project2/data/case/HIV-1-Protease/mol2/ZINC000009806361.mol2,5.915232897,
/home/zdy/Project2/data/case/HIV-1-Protease/mol2/ZINC000222757353.mol2,5.914565325,
/home/zdy/Project2/data/case/HIV-1-Protease/mol2/ZINC000024712259.mol2,5.910182595,
/home/zdy/Project2/data/case/HIV-1-Protease/mol2/ZINC000004938271.mol2,5.904788375,
/home/zdy/Project2/data/case/HIV-1-Protease/mol2/ZINC000012648728.mol2,5.898289084,
/home/zdy/Project2/data/case/HIV-1-Protease/mol2/ZINC000012748038.mol2,5.888690352,
/home/zdy/Project2/data/case/HIV-1-Protease/mol2/ZINC000028207661.mol2,5.86859405,
/home/zdy/Project2/data/case/HIV-1-Protease/mol2/ZINC000022228430.mol2,5.86558938,
/home/zdy/Project2/data/case/HIV-1-Protease/mol2/ZINC000006205261.mol2,5.856600404,
/home/zdy/Project2/data/case/HIV-1-Protease/mol2/ZINC000408600838.mol2,5.8481282,
/home/zdy/Project2/data/case/HIV-1-Protease/mol2/ZINC000013267702.mol2,5.84423542,
/home/zdy/Project2/data/case/HIV-1-Protease/mol2/ZINC000015386094.mol2,5.834013224,
/home/zdy/Project2/data/case/HIV-1-Protease/mol2/ZINC000053891755.mol2,5.83173573,
/home/zdy/Project2/data/case/HIV-1-Protease/mol2/ZINC000001098826.mol2,5.822153687,
/home/zdy/Project2/data/case/HIV-1-Protease/mol2/ZINC000039986223.mol2,5.820915699,
/home/zdy/Project2/data/case/HIV-1-Protease/mol2/ZINC000039986224.mol2,5.820915699,
/home/zdy/Project2/data/case/HIV-1-Protease/mol2/ZINC000028208146.mol2,5.809909105,
/home/zdy/Project2/data/case/HIV-1-Protease/mol2/ZINC000408616976.mol2,5.807815194,
/home/zdy/Project2/data/case/HIV-1-Protease/mol2/ZINC000020032689.mol2,5.803077221,
/home/zdy/Project2/data/case/HIV-1-Protease/mol2/ZINC000032999966.mol2,5.77639997,
/home/zdy/Project2/data/case/HIV-1-Protease/mol2/ZINC000014099802.mol2,5.775827169,
/home/zdy/Project2/data/case/HIV-1-Protease/mol2/ZINC000012748033.mol2,5.769534707,
/home/zdy/Project2/data/case/HIV-1-Protease/mol2/ZINC000016610263.mol2,5.760233402,
/home/zdy/Project2/data/case/HIV-1-Protease/mol2/ZINC000222818440.mol2,5.754413009,
/home/zdy/Project2/data/case/HIV-1-Protease/mol2/ZINC000012630955.mol2,5.746299028,
/home/zdy/Project2/data/case/HIV-1-Protease/mol2/ZINC000000792900.mol2,5.743339062,
/home/zdy/Project2/data/case/HIV-1-Protease/mol2/ZINC000016576323.mol2,5.736216307,
/home/zdy/Project2/data/case/HIV-1-Protease/mol2/ZINC000012382583.mol2,5.73546052,
/home/zdy/Project2/data/case/HIV-1-Protease/mol2/ZINC000408608230.mol2,5.730743408,
/home/zdy/Project2/data/case/HIV-1-Protease/mol2/ZINC000039985901.mol2,5.729985833,
/home/zdy/Project2/data/case/HIV-1-Protease/mol2/ZINC000022228432.mol2,5.726878643,
/home/zdy/Project2/data/case/HIV-1-Protease/mol2/ZINC000016576321.mol2,5.721960068,
/home/zdy/Project2/data/case/HIV-1-Protease/mol2/ZINC000089904835.mol2,5.702669024,
/home/zdy/Project2/data/case/HIV-1-Protease/mol2/ZINC000096122006.mol2,5.698631406,
/home/zdy/Project2/data/case/HIV-1-Protease/mol2/ZINC000032980224.mol2,5.697167516,
/home/zdy/Project2/data/case/HIV-1-Protease/mol2/ZINC000013027773.mol2,5.69609344,
/home/zdy/Project2/data/case/HIV-1-Protease/mol2/ZINC000025394054.mol2,5.692754984,
/home/zdy/Project2/data/case/HIV-1-Protease/mol2/ZINC000085467233.mol2,5.691094995,
/home/zdy/Project2/data/case/HIV-1-Protease/mol2/ZINC000000529040.mol2,5.689409375,
/home/zdy/Project2/data/case/HIV-1-Protease/mol2/ZINC000000529037.mol2,5.689409375,
/home/zdy/Project2/data/case/HIV-1-Protease/mol2/ZINC000016651188.mol2,5.686900616,
/home/zdy/Project2/data/case/HIV-1-Protease/mol2/ZINC000015364142.mol2,5.685786605,
/home/zdy/Project2/data/case/HIV-1-Protease/mol2/ZINC000219751451.mol2,5.678964853,
/home/zdy/Project2/data/case/HIV-1-Protease/mol2/ZINC000039986572.mol2,5.676122308,
/home/zdy/Project2/data/case/HIV-1-Protease/mol2/ZINC000039986573.mol2,5.676122308,
/home/zdy/Project2/data/case/HIV-1-Protease/mol2/ZINC000408627058.mol2,5.667153001,
/home/zdy/Project2/data/case/HIV-1-Protease/mol2/ZINC000065337336.mol2,5.647097826,
/home/zdy/Project2/data/case/HIV-1-Protease/mol2/ZINC000004695908.mol2,5.643908978,
/home/zdy/Project2/data/case/HIV-1-Protease/mol2/ZINC000032753235.mol2,5.640523434,
/home/zdy/Project2/data/case/HIV-1-Protease/mol2/ZINC000016090462.mol2,5.635563731,
/home/zdy/Project2/data/case/HIV-1-Protease/mol2/ZINC000016301532.mol2,5.6347996,
/home/zdy/Project2/data/case/HIV-1-Protease/mol2/ZINC000003195647.mol2,5.633397698,
/home/zdy/Project2/data/case/HIV-1-Protease/mol2/ZINC000207976157.mol2,5.629515052,
/home/zdy/Project2/data/case/HIV-1-Protease/mol2/ZINC000408608176.mol2,5.627667308,
/home/zdy/Project2/data/case/HIV-1-Protease/mol2/ZINC000408608168.mol2,5.627667308,
/home/zdy/Project2/data/case/HIV-1-Protease/mol2/ZINC000096479546.mol2,5.622062087,
/home/zdy/Project2/data/case/HIV-1-Protease/mol2/ZINC000020903287.mol2,5.616052151,
/home/zdy/Project2/data/case/HIV-1-Protease/mol2/ZINC000170656910.mol2,5.614802241,
/home/zdy/Project2/data/case/HIV-1-Protease/mol2/ZINC000408534421.mol2,5.613159537,
/home/zdy/Project2/data/case/HIV-1-Protease/mol2/ZINC000096380186.mol2,5.611332655,
/home/zdy/Project2/data/case/HIV-1-Protease/mol2/ZINC000022652408.mol2,5.607116818,
/home/zdy/Project2/data/case/HIV-1-Protease/mol2/ZINC000219751383.mol2,5.605769157,
/home/zdy/Project2/data/case/HIV-1-Protease/mol2/ZINC000015512300.mol2,5.603706241,
/home/zdy/Project2/data/case/HIV-1-Protease/mol2/ZINC000012919449.mol2,5.591869354,
/home/zdy/Project2/data/case/HIV-1-Protease/mol2/ZINC000012799504.mol2,5.587801337,
/home/zdy/Project2/data/case/HIV-1-Protease/mol2/ZINC000004622638.mol2,5.561825633,
/home/zdy/Project2/data/case/HIV-1-Protease/mol2/ZINC000028208096.mol2,5.556899309,
/home/zdy/Project2/data/case/HIV-1-Protease/mol2/ZINC000002869076.mol2,5.556294918,
/home/zdy/Project2/data/case/HIV-1-Protease/mol2/ZINC000408600757.mol2,5.553191304,
/home/zdy/Project2/data/case/HIV-1-Protease/mol2/ZINC000011161778.mol2,5.536695123,
/home/zdy/Project2/data/case/HIV-1-Protease/mol2/ZINC000012650369.mol2,5.534541011,
/home/zdy/Project2/data/case/HIV-1-Protease/mol2/ZINC000012650373.mol2,5.534541011,
/home/zdy/Project2/data/case/HIV-1-Protease/mol2/ZINC000237440759.mol2,5.534440279,
/home/zdy/Project2/data/case/HIV-1-Protease/mol2/ZINC000045944492.mol2,5.534296632,
/home/zdy/Project2/data/case/HIV-1-Protease/mol2/ZINC000009365371.mol2,5.524098873,
/home/zdy/Project2/data/case/HIV-1-Protease/mol2/ZINC000408551827.mol2,5.520817637,
/home/zdy/Project2/data/case/HIV-1-Protease/mol2/ZINC000012760978.mol2,5.518358946,
/home/zdy/Project2/data/case/HIV-1-Protease/mol2/ZINC000011612634.mol2,5.508074164,
/home/zdy/Project2/data/case/HIV-1-Protease/mol2/ZINC000095432518.mol2,5.507375598,
/home/zdy/Project2/data/case/HIV-1-Protease/mol2/ZINC000005851430.mol2,5.49179554,
/home/zdy/Project2/data/case/HIV-1-Protease/mol2/ZINC000089904837.mol2,5.484187007,
/home/zdy/Project2/data/case/HIV-1-Protease/mol2/ZINC000000663902.mol2,5.479700565,
/home/zdy/Project2/data/case/HIV-1-Protease/mol2/ZINC000408971394.mol2,5.46391964,
/home/zdy/Project2/data/case/HIV-1-Protease/mol2/ZINC000005512776.mol2,5.459346175,
/home/zdy/Project2/data/case/HIV-1-Protease/mol2/ZINC000065337334.mol2,5.456819534,
/home/zdy/Project2/data/case/HIV-1-Protease/mol2/ZINC000237508180.mol2,5.456275344,
/home/zdy/Project2/data/case/HIV-1-Protease/mol2/ZINC000032909193.mol2,5.423448682,
/home/zdy/Project2/data/case/HIV-1-Protease/mol2/ZINC000089410250.mol2,5.422125459,
/home/zdy/Project2/data/case/HIV-1-Protease/mol2/ZINC000408622479.mol2,5.41690886,
/home/zdy/Project2/data/case/HIV-1-Protease/mol2/ZINC000408622482.mol2,5.41690886,
/home/zdy/Project2/data/case/HIV-1-Protease/mol2/ZINC000299804014.mol2,5.411584377,
/home/zdy/Project2/data/case/HIV-1-Protease/mol2/ZINC000005060802.mol2,5.410526991,
/home/zdy/Project2/data/case/HIV-1-Protease/mol2/ZINC000005060805.mol2,5.410526991,
/home/zdy/Project2/data/case/HIV-1-Protease/mol2/ZINC000007975781.mol2,5.408545136,
/home/zdy/Project2/data/case/HIV-1-Protease/mol2/ZINC000039985849.mol2,5.407992005,
/home/zdy/Project2/data/case/HIV-1-Protease/mol2/ZINC000039985850.mol2,5.407992005,
/home/zdy/Project2/data/case/HIV-1-Protease/mol2/ZINC000039986009.mol2,5.407112241,
/home/zdy/Project2/data/case/HIV-1-Protease/mol2/ZINC000039986010.mol2,5.407112241,
/home/zdy/Project2/data/case/HIV-1-Protease/mol2/ZINC000032770663.mol2,5.406427979,
/home/zdy/Project2/data/case/HIV-1-Protease/mol2/ZINC000028208292.mol2,5.401285887,
/home/zdy/Project2/data/case/HIV-1-Protease/mol2/ZINC000408561897.mol2,5.386376977,
/home/zdy/Project2/data/case/HIV-1-Protease/mol2/ZINC000026569930.mol2,5.379924178,
/home/zdy/Project2/data/case/HIV-1-Protease/mol2/ZINC000024685909.mol2,5.37960887,
/home/zdy/Project2/data/case/HIV-1-Protease/mol2/ZINC000035314564.mol2,5.379322171,
/home/zdy/Project2/data/case/HIV-1-Protease/mol2/ZINC000028207223.mol2,5.372748375,
/home/zdy/Project2/data/case/HIV-1-Protease/mol2/ZINC000003414129.mol2,5.372600555,
/home/zdy/Project2/data/case/HIV-1-Protease/mol2/ZINC000408550339.mol2,5.372281075,
/home/zdy/Project2/data/case/HIV-1-Protease/mol2/ZINC000028208279.mol2,5.369714499,
/home/zdy/Project2/data/case/HIV-1-Protease/mol2/ZINC000028207633.mol2,5.366065502,
/home/zdy/Project2/data/case/HIV-1-Protease/mol2/ZINC000022227067.mol2,5.361231565,
/home/zdy/Project2/data/case/HIV-1-Protease/mol2/ZINC000019929626.mol2,5.361038446,
/home/zdy/Project2/data/case/HIV-1-Protease/mol2/ZINC000019929624.mol2,5.361038446,
/home/zdy/Project2/data/case/HIV-1-Protease/mol2/ZINC000408621450.mol2,5.358149409,
/home/zdy/Project2/data/case/HIV-1-Protease/mol2/ZINC000020033064.mol2,5.352900028,
/home/zdy/Project2/data/case/HIV-1-Protease/mol2/ZINC000096446586.mol2,5.349572301,
/home/zdy/Project2/data/case/HIV-1-Protease/mol2/ZINC000013098002.mol2,5.348821282,
/home/zdy/Project2/data/case/HIV-1-Protease/mol2/ZINC000053891756.mol2,5.337540507,
/home/zdy/Project2/data/case/HIV-1-Protease/mol2/ZINC000020033128.mol2,5.332183838,
/home/zdy/Project2/data/case/HIV-1-Protease/mol2/ZINC000171382982.mol2,5.32355547,
/home/zdy/Project2/data/case/HIV-1-Protease/mol2/ZINC000010301528.mol2,5.31893909,
/home/zdy/Project2/data/case/HIV-1-Protease/mol2/ZINC000026765278.mol2,5.317954421,
/home/zdy/Project2/data/case/HIV-1-Protease/mol2/ZINC000007308187.mol2,5.314267278,
/home/zdy/Project2/data/case/HIV-1-Protease/mol2/ZINC000028049967.mol2,5.312372446,
/home/zdy/Project2/data/case/HIV-1-Protease/mol2/ZINC000408919713.mol2,5.304351449,
/home/zdy/Project2/data/case/HIV-1-Protease/mol2/ZINC000028049966.mol2,5.288458467,
/home/zdy/Project2/data/case/HIV-1-Protease/mol2/ZINC000028207635.mol2,5.286845565,
/home/zdy/Project2/data/case/HIV-1-Protease/mol2/ZINC000007971015.mol2,5.2859658,
/home/zdy/Project2/data/case/HIV-1-Protease/mol2/ZINC000408622905.mol2,5.282863975,
/home/zdy/Project2/data/case/HIV-1-Protease/mol2/ZINC000217632584.mol2,5.282093287,
/home/zdy/Project2/data/case/HIV-1-Protease/mol2/ZINC000217632492.mol2,5.282093287,
/home/zdy/Project2/data/case/HIV-1-Protease/mol2/ZINC000022227157.mol2,5.265647173,
/home/zdy/Project2/data/case/HIV-1-Protease/mol2/ZINC000016652580.mol2,5.262331963,
/home/zdy/Project2/data/case/HIV-1-Protease/mol2/ZINC000005554948.mol2,5.251250863,
/home/zdy/Project2/data/case/HIV-1-Protease/mol2/ZINC000041129621.mol2,5.248548985,
/home/zdy/Project2/data/case/HIV-1-Protease/mol2/ZINC000027953947.mol2,5.248194933,
/home/zdy/Project2/data/case/HIV-1-Protease/mol2/ZINC000028654811.mol2,5.244213939,
/home/zdy/Project2/data/case/HIV-1-Protease/mol2/ZINC000028654815.mol2,5.244213939,
/home/zdy/Project2/data/case/HIV-1-Protease/mol2/ZINC000007375556.mol2,5.242382884,
/home/zdy/Project2/data/case/HIV-1-Protease/mol2/ZINC000028208295.mol2,5.23630619,
/home/zdy/Project2/data/case/HIV-1-Protease/mol2/ZINC000062132517.mol2,5.233604908,
/home/zdy/Project2/data/case/HIV-1-Protease/mol2/ZINC000408561896.mol2,5.229588747,
/home/zdy/Project2/data/case/HIV-1-Protease/mol2/ZINC000069453767.mol2,5.223417282,
/home/zdy/Project2/data/case/HIV-1-Protease/mol2/ZINC000069453766.mol2,5.223417282,
/home/zdy/Project2/data/case/HIV-1-Protease/mol2/ZINC000011613777.mol2,5.217998028,
/home/zdy/Project2/data/case/HIV-1-Protease/mol2/ZINC000009439956.mol2,5.213919878,
/home/zdy/Project2/data/case/HIV-1-Protease/mol2/ZINC000013134639.mol2,5.213919878,
/home/zdy/Project2/data/case/HIV-1-Protease/mol2/ZINC000024864871.mol2,5.210027099,
/home/zdy/Project2/data/case/HIV-1-Protease/mol2/ZINC000009691489.mol2,5.207768679,
/home/zdy/Project2/data/case/HIV-1-Protease/mol2/ZINC000408612559.mol2,5.205577016,
/home/zdy/Project2/data/case/HIV-1-Protease/mol2/ZINC000409391460.mol2,5.203350782,
/home/zdy/Project2/data/case/HIV-1-Protease/mol2/ZINC000102470252.mol2,5.198361874,
/home/zdy/Project2/data/case/HIV-1-Protease/mol2/ZINC000169350751.mol2,5.198361874,
/home/zdy/Project2/data/case/HIV-1-Protease/mol2/ZINC000028207791.mol2,5.191513896,
/home/zdy/Project2/data/case/HIV-1-Protease/mol2/ZINC000028207788.mol2,5.191513896,
/home/zdy/Project2/data/case/HIV-1-Protease/mol2/ZINC000095455456.mol2,5.18150568,
/home/zdy/Project2/data/case/HIV-1-Protease/mol2/ZINC000095455455.mol2,5.18150568,
/home/zdy/Project2/data/case/HIV-1-Protease/mol2/ZINC000000676569.mol2,5.181274414,
/home/zdy/Project2/data/case/HIV-1-Protease/mol2/ZINC000009478178.mol2,5.181248784,
/home/zdy/Project2/data/case/HIV-1-Protease/mol2/ZINC000045944822.mol2,5.180153847,
/home/zdy/Project2/data/case/HIV-1-Protease/mol2/ZINC000020903285.mol2,5.17986834,
/home/zdy/Project2/data/case/HIV-1-Protease/mol2/ZINC000253430669.mol2,5.164673328,
/home/zdy/Project2/data/case/HIV-1-Protease/mol2/ZINC000013056461.mol2,5.159214735,
/home/zdy/Project2/data/case/HIV-1-Protease/mol2/ZINC000000916043.mol2,5.156372786,
/home/zdy/Project2/data/case/HIV-1-Protease/mol2/ZINC000038556507.mol2,5.154952407,
/home/zdy/Project2/data/case/HIV-1-Protease/mol2/ZINC000408603647.mol2,5.153698325,
/home/zdy/Project2/data/case/HIV-1-Protease/mol2/ZINC000012982509.mol2,5.151732564,
/home/zdy/Project2/data/case/HIV-1-Protease/mol2/ZINC000024712255.mol2,5.151530504,
/home/zdy/Project2/data/case/HIV-1-Protease/mol2/ZINC000096025560.mol2,5.141368508,
/home/zdy/Project2/data/case/HIV-1-Protease/mol2/ZINC000040162275.mol2,5.141212344,
/home/zdy/Project2/data/case/HIV-1-Protease/mol2/ZINC000065364734.mol2,5.137841105,
/home/zdy/Project2/data/case/HIV-1-Protease/mol2/ZINC000020032376.mol2,5.136196613,
/home/zdy/Project2/data/case/HIV-1-Protease/mol2/ZINC000012797173.mol2,5.120940208,
/home/zdy/Project2/data/case/HIV-1-Protease/mol2/ZINC000585146898.mol2,5.117419362,
/home/zdy/Project2/data/case/HIV-1-Protease/mol2/ZINC000585146899.mol2,5.117419362,
/home/zdy/Project2/data/case/HIV-1-Protease/mol2/ZINC000408610988.mol2,5.113401413,
/home/zdy/Project2/data/case/HIV-1-Protease/mol2/ZINC000009630994.mol2,5.112277269,
/home/zdy/Project2/data/case/HIV-1-Protease/mol2/ZINC000012738352.mol2,5.101906061,
/home/zdy/Project2/data/case/HIV-1-Protease/mol2/ZINC000011612632.mol2,5.1012218,
/home/zdy/Project2/data/case/HIV-1-Protease/mol2/ZINC000237441142.mol2,5.092645288,
/home/zdy/Project2/data/case/HIV-1-Protease/mol2/ZINC000058168661.mol2,5.091520548,
/home/zdy/Project2/data/case/HIV-1-Protease/mol2/ZINC000058168664.mol2,5.091520548,
/home/zdy/Project2/data/case/HIV-1-Protease/mol2/ZINC000039986149.mol2,5.089472532,
/home/zdy/Project2/data/case/HIV-1-Protease/mol2/ZINC000039986148.mol2,5.089472532,
/home/zdy/Project2/data/case/HIV-1-Protease/mol2/ZINC000032999965.mol2,5.087848306,
/home/zdy/Project2/data/case/HIV-1-Protease/mol2/ZINC000072366080.mol2,5.07927537,
/home/zdy/Project2/data/case/HIV-1-Protease/mol2/ZINC000072366081.mol2,5.07927537,
/home/zdy/Project2/data/case/HIV-1-Protease/mol2/ZINC000013656166.mol2,5.078190565,
/home/zdy/Project2/data/case/HIV-1-Protease/mol2/ZINC000013656164.mol2,5.078190565,
/home/zdy/Project2/data/case/HIV-1-Protease/mol2/ZINC000252477004.mol2,5.075980425,
/home/zdy/Project2/data/case/HIV-1-Protease/mol2/ZINC000096415027.mol2,5.075554252,
/home/zdy/Project2/data/case/HIV-1-Protease/mol2/ZINC000096479550.mol2,5.070530176,
/home/zdy/Project2/data/case/HIV-1-Protease/mol2/ZINC000007063595.mol2,5.067732334,
/home/zdy/Project2/data/case/HIV-1-Protease/mol2/ZINC000357228869.mol2,5.063722134,
/home/zdy/Project2/data/case/HIV-1-Protease/mol2/ZINC000001142160.mol2,5.063617229,
/home/zdy/Project2/data/case/HIV-1-Protease/mol2/ZINC000001142159.mol2,5.063617229,
/home/zdy/Project2/data/case/HIV-1-Protease/mol2/ZINC000097166176.mol2,5.063051581,
/home/zdy/Project2/data/case/HIV-1-Protease/mol2/ZINC000013038404.mol2,5.060302615,
/home/zdy/Project2/data/case/HIV-1-Protease/mol2/ZINC000012778298.mol2,5.059589744,
/home/zdy/Project2/data/case/HIV-1-Protease/mol2/ZINC000026535279.mol2,5.058019161,
/home/zdy/Project2/data/case/HIV-1-Protease/mol2/ZINC000408988865.mol2,5.057618618,
/home/zdy/Project2/data/case/HIV-1-Protease/mol2/ZINC000045944376.mol2,5.057296157,
/home/zdy/Project2/data/case/HIV-1-Protease/mol2/ZINC000096374458.mol2,5.052696466,
/home/zdy/Project2/data/case/HIV-1-Protease/mol2/ZINC000008720277.mol2,5.047158599,
/home/zdy/Project2/data/case/HIV-1-Protease/mol2/ZINC000016479104.mol2,5.035746694,
/home/zdy/Project2/data/case/HIV-1-Protease/mol2/ZINC000006584916.mol2,5.035349727,
/home/zdy/Project2/data/case/HIV-1-Protease/mol2/ZINC000045974621.mol2,5.025194287,
/home/zdy/Project2/data/case/HIV-1-Protease/mol2/ZINC000045944373.mol2,5.019443631,
/home/zdy/Project2/data/case/HIV-1-Protease/mol2/ZINC000020892835.mol2,5.018520355,
/home/zdy/Project2/data/case/HIV-1-Protease/mol2/ZINC000222882065.mol2,5.018362999,
/home/zdy/Project2/data/case/HIV-1-Protease/mol2/ZINC000021740123.mol2,5.014113784,
/home/zdy/Project2/data/case/HIV-1-Protease/mol2/ZINC000225833854.mol2,5.013461709,
/home/zdy/Project2/data/case/HIV-1-Protease/mol2/ZINC000408613786.mol2,5.011751652,
/home/zdy/Project2/data/case/HIV-1-Protease/mol2/ZINC000408613787.mol2,5.011751652,
/home/zdy/Project2/data/case/HIV-1-Protease/mol2/ZINC000001367534.mol2,5.00708878,
/home/zdy/Project2/data/case/HIV-1-Protease/mol2/ZINC000016084488.mol2,5.002965331,
/home/zdy/Project2/data/case/HIV-1-Protease/mol2/ZINC000001158849.mol2,4.994397163,
/home/zdy/Project2/data/case/HIV-1-Protease/mol2/ZINC000001158850.mol2,4.994397163,
/home/zdy/Project2/data/case/HIV-1-Protease/mol2/ZINC000408602718.mol2,4.989605546,
/home/zdy/Project2/data/case/HIV-1-Protease/mol2/ZINC000012766454.mol2,4.983600974,
/home/zdy/Project2/data/case/HIV-1-Protease/mol2/ZINC000046120921.mol2,4.977967143,
/home/zdy/Project2/data/case/HIV-1-Protease/mol2/ZINC000000166218.mol2,4.975604415,
/home/zdy/Project2/data/case/HIV-1-Protease/mol2/ZINC000071415932.mol2,4.974555373,
/home/zdy/Project2/data/case/HIV-1-Protease/mol2/ZINC000089904834.mol2,4.971907735,
/home/zdy/Project2/data/case/HIV-1-Protease/mol2/ZINC000408614016.mol2,4.971314669,
/home/zdy/Project2/data/case/HIV-1-Protease/mol2/ZINC000408614020.mol2,4.971314669,
/home/zdy/Project2/data/case/HIV-1-Protease/mol2/ZINC000408618309.mol2,4.967793226,
/home/zdy/Project2/data/case/HIV-1-Protease/mol2/ZINC000070640074.mol2,4.966803789,
/home/zdy/Project2/data/case/HIV-1-Protease/mol2/ZINC000408617281.mol2,4.963486195,
/home/zdy/Project2/data/case/HIV-1-Protease/mol2/ZINC000013042302.mol2,4.962688088,
/home/zdy/Project2/data/case/HIV-1-Protease/mol2/ZINC000017097389.mol2,4.961241484,
/home/zdy/Project2/data/case/HIV-1-Protease/mol2/ZINC000408610246.mol2,4.957123399,
/home/zdy/Project2/data/case/HIV-1-Protease/mol2/ZINC000000857069.mol2,4.955034256,
/home/zdy/Project2/data/case/HIV-1-Protease/mol2/ZINC000039985328.mol2,4.948365092,
/home/zdy/Project2/data/case/HIV-1-Protease/mol2/ZINC000039985327.mol2,4.948365092,
/home/zdy/Project2/data/case/HIV-1-Protease/mol2/ZINC000000464363.mol2,4.948288798,
/home/zdy/Project2/data/case/HIV-1-Protease/mol2/ZINC000008988248.mol2,4.94414866,
/home/zdy/Project2/data/case/HIV-1-Protease/mol2/ZINC000000924342.mol2,4.939925075,
/home/zdy/Project2/data/case/HIV-1-Protease/mol2/ZINC000059942109.mol2,4.93543148,
/home/zdy/Project2/data/case/HIV-1-Protease/mol2/ZINC000016647553.mol2,4.933930635,
/home/zdy/Project2/data/case/HIV-1-Protease/mol2/ZINC000085423434.mol2,4.912236929,
/home/zdy/Project2/data/case/HIV-1-Protease/mol2/ZINC000016479111.mol2,4.901520014,
/home/zdy/Project2/data/case/HIV-1-Protease/mol2/ZINC000096479544.mol2,4.894661903,
/home/zdy/Project2/data/case/HIV-1-Protease/mol2/ZINC000096479548.mol2,4.894661903,
/home/zdy/Project2/data/case/HIV-1-Protease/mol2/ZINC000020032702.mol2,4.884303808,
/home/zdy/Project2/data/case/HIV-1-Protease/mol2/ZINC000408612558.mol2,4.881079197,
/home/zdy/Project2/data/case/HIV-1-Protease/mol2/ZINC000064943775.mol2,4.866749048,
/home/zdy/Project2/data/case/HIV-1-Protease/mol2/ZINC000000663847.mol2,4.857190251,
/home/zdy/Project2/data/case/HIV-1-Protease/mol2/ZINC000022227507.mol2,4.846445322,
/home/zdy/Project2/data/case/HIV-1-Protease/mol2/ZINC000072395560.mol2,4.843627214,
/home/zdy/Project2/data/case/HIV-1-Protease/mol2/ZINC000408610992.mol2,4.831507802,
/home/zdy/Project2/data/case/HIV-1-Protease/mol2/ZINC000408781564.mol2,4.830565453,
/home/zdy/Project2/data/case/HIV-1-Protease/mol2/ZINC000015919290.mol2,4.822769761,
/home/zdy/Project2/data/case/HIV-1-Protease/mol2/ZINC000015919289.mol2,4.822769761,
/home/zdy/Project2/data/case/HIV-1-Protease/mol2/ZINC000002664493.mol2,4.815266132,
/home/zdy/Project2/data/case/HIV-1-Protease/mol2/ZINC000408771847.mol2,4.809981585,
/home/zdy/Project2/data/case/HIV-1-Protease/mol2/ZINC000039985893.mol2,4.802491069,
/home/zdy/Project2/data/case/HIV-1-Protease/mol2/ZINC000039985891.mol2,4.802491069,
/home/zdy/Project2/data/case/HIV-1-Protease/mol2/ZINC000026569933.mol2,4.800671935,
/home/zdy/Project2/data/case/HIV-1-Protease/mol2/ZINC000008861774.mol2,4.799589515,
/home/zdy/Project2/data/case/HIV-1-Protease/mol2/ZINC000028208414.mol2,4.795948267,
/home/zdy/Project2/data/case/HIV-1-Protease/mol2/ZINC000028208416.mol2,4.795948267,
/home/zdy/Project2/data/case/HIV-1-Protease/mol2/ZINC000032833835.mol2,4.784061909,
/home/zdy/Project2/data/case/HIV-1-Protease/mol2/ZINC000006904458.mol2,4.775113463,
/home/zdy/Project2/data/case/HIV-1-Protease/mol2/ZINC000216013620.mol2,4.774541259,
/home/zdy/Project2/data/case/HIV-1-Protease/mol2/ZINC000216013664.mol2,4.774541259,
/home/zdy/Project2/data/case/HIV-1-Protease/mol2/ZINC000028202862.mol2,4.772026539,
/home/zdy/Project2/data/case/HIV-1-Protease/mol2/ZINC000001138719.mol2,4.771175981,
/home/zdy/Project2/data/case/HIV-1-Protease/mol2/ZINC000001138724.mol2,4.771175981,
/home/zdy/Project2/data/case/HIV-1-Protease/mol2/ZINC000408616933.mol2,4.767628312,
/home/zdy/Project2/data/case/HIV-1-Protease/mol2/ZINC000408616931.mol2,4.767628312,
/home/zdy/Project2/data/case/HIV-1-Protease/mol2/ZINC000008861775.mol2,4.760975838,
/home/zdy/Project2/data/case/HIV-1-Protease/mol2/ZINC000000924344.mol2,4.75912869,
/home/zdy/Project2/data/case/HIV-1-Protease/mol2/ZINC000004255672.mol2,4.754827619,
/home/zdy/Project2/data/case/HIV-1-Protease/mol2/ZINC000408786148.mol2,4.748361707,
/home/zdy/Project2/data/case/HIV-1-Protease/mol2/ZINC000408604493.mol2,4.735882282,
/home/zdy/Project2/data/case/HIV-1-Protease/mol2/ZINC000096098240.mol2,4.735766649,
/home/zdy/Project2/data/case/HIV-1-Protease/mol2/ZINC000028208259.mol2,4.718692899,
/home/zdy/Project2/data/case/HIV-1-Protease/mol2/ZINC000020886384.mol2,4.71329093,
/home/zdy/Project2/data/case/HIV-1-Protease/mol2/ZINC000029789750.mol2,4.710605145,
/home/zdy/Project2/data/case/HIV-1-Protease/mol2/ZINC000029789748.mol2,4.710605145,
/home/zdy/Project2/data/case/HIV-1-Protease/mol2/ZINC000028207335.mol2,4.704367518,
/home/zdy/Project2/data/case/HIV-1-Protease/mol2/ZINC000028207332.mol2,4.704367518,
/home/zdy/Project2/data/case/HIV-1-Protease/mol2/ZINC000022229480.mol2,4.699031115,
/home/zdy/Project2/data/case/HIV-1-Protease/mol2/ZINC000012793038.mol2,4.689928889,
/home/zdy/Project2/data/case/HIV-1-Protease/mol2/ZINC000009217099.mol2,4.689665437,
/home/zdy/Project2/data/case/HIV-1-Protease/mol2/ZINC000016652118.mol2,4.669256806,
/home/zdy/Project2/data/case/HIV-1-Protease/mol2/ZINC000009090545.mol2,4.667972922,
/home/zdy/Project2/data/case/HIV-1-Protease/mol2/ZINC000020032659.mol2,4.657359719,
/home/zdy/Project2/data/case/HIV-1-Protease/mol2/ZINC000006944711.mol2,4.655867815,
/home/zdy/Project2/data/case/HIV-1-Protease/mol2/ZINC000006946181.mol2,4.655867815,
/home/zdy/Project2/data/case/HIV-1-Protease/mol2/ZINC000001703584.mol2,4.65087235,
/home/zdy/Project2/data/case/HIV-1-Protease/mol2/ZINC000033647903.mol2,4.650447965,
/home/zdy/Project2/data/case/HIV-1-Protease/mol2/ZINC000033647906.mol2,4.650447965,
/home/zdy/Project2/data/case/HIV-1-Protease/mol2/ZINC000001050577.mol2,4.641056061,
/home/zdy/Project2/data/case/HIV-1-Protease/mol2/ZINC000009806695.mol2,4.62841928,
/home/zdy/Project2/data/case/HIV-1-Protease/mol2/ZINC000009806700.mol2,4.62841928,
/home/zdy/Project2/data/case/HIV-1-Protease/mol2/ZINC000078657674.mol2,4.625198245,
/home/zdy/Project2/data/case/HIV-1-Protease/mol2/ZINC000078657678.mol2,4.625198245,
/home/zdy/Project2/data/case/HIV-1-Protease/mol2/ZINC000001061237.mol2,4.614636302,
/home/zdy/Project2/data/case/HIV-1-Protease/mol2/ZINC000096104317.mol2,4.60894227,
/home/zdy/Project2/data/case/HIV-1-Protease/mol2/ZINC000408607068.mol2,4.604797959,
/home/zdy/Project2/data/case/HIV-1-Protease/mol2/ZINC000408601684.mol2,4.600707889,
/home/zdy/Project2/data/case/HIV-1-Protease/mol2/ZINC000044451797.mol2,4.596034288,
/home/zdy/Project2/data/case/HIV-1-Protease/mol2/ZINC000058168662.mol2,4.595832229,
/home/zdy/Project2/data/case/HIV-1-Protease/mol2/ZINC000007703268.mol2,4.586369395,
/home/zdy/Project2/data/case/HIV-1-Protease/mol2/ZINC000055107700.mol2,4.585869908,
/home/zdy/Project2/data/case/HIV-1-Protease/mol2/ZINC000408607912.mol2,4.574322104,
/home/zdy/Project2/data/case/HIV-1-Protease/mol2/ZINC000408607914.mol2,4.574322104,
/home/zdy/Project2/data/case/HIV-1-Protease/mol2/ZINC000006552265.mol2,4.574301243,
/home/zdy/Project2/data/case/HIV-1-Protease/mol2/ZINC000089929849.mol2,4.572351575,
/home/zdy/Project2/data/case/HIV-1-Protease/mol2/ZINC000015743889.mol2,4.566888809,
/home/zdy/Project2/data/case/HIV-1-Protease/mol2/ZINC000020033067.mol2,4.544859529,
/home/zdy/Project2/data/case/HIV-1-Protease/mol2/ZINC000088059249.mol2,4.544117451,
/home/zdy/Project2/data/case/HIV-1-Protease/mol2/ZINC000027462455.mol2,4.538280368,
/home/zdy/Project2/data/case/HIV-1-Protease/mol2/ZINC000027462450.mol2,4.538280368,
/home/zdy/Project2/data/case/HIV-1-Protease/mol2/ZINC000408607754.mol2,4.531655312,
/home/zdy/Project2/data/case/HIV-1-Protease/mol2/ZINC000013064213.mol2,4.526700974,
/home/zdy/Project2/data/case/HIV-1-Protease/mol2/ZINC000013064197.mol2,4.526700974,
/home/zdy/Project2/data/case/HIV-1-Protease/mol2/ZINC000096170964.mol2,4.525232911,
/home/zdy/Project2/data/case/HIV-1-Protease/mol2/ZINC000033625288.mol2,4.521116018,
/home/zdy/Project2/data/case/HIV-1-Protease/mol2/ZINC000033625286.mol2,4.521116018,
/home/zdy/Project2/data/case/HIV-1-Protease/mol2/ZINC000024712238.mol2,4.519084692,
/home/zdy/Project2/data/case/HIV-1-Protease/mol2/ZINC000016610261.mol2,4.490604401,
/home/zdy/Project2/data/case/HIV-1-Protease/mol2/ZINC000009493965.mol2,4.48980093,
/home/zdy/Project2/data/case/HIV-1-Protease/mol2/ZINC000028208124.mol2,4.489433765,
/home/zdy/Project2/data/case/HIV-1-Protease/mol2/ZINC000102698510.mol2,4.474477768,
/home/zdy/Project2/data/case/HIV-1-Protease/mol2/ZINC000006359795.mol2,4.474477768,
/home/zdy/Project2/data/case/HIV-1-Protease/mol2/ZINC000013585478.mol2,4.471542835,
/home/zdy/Project2/data/case/HIV-1-Protease/mol2/ZINC000013585480.mol2,4.471542835,
/home/zdy/Project2/data/case/HIV-1-Protease/mol2/ZINC000408549985.mol2,4.469360709,
/home/zdy/Project2/data/case/HIV-1-Protease/mol2/ZINC000408549984.mol2,4.469360709,
/home/zdy/Project2/data/case/HIV-1-Protease/mol2/ZINC000001094429.mol2,4.465765357,
/home/zdy/Project2/data/case/HIV-1-Protease/mol2/ZINC000009094912.mol2,4.461198449,
/home/zdy/Project2/data/case/HIV-1-Protease/mol2/ZINC000071924172.mol2,4.445014,
/home/zdy/Project2/data/case/HIV-1-Protease/mol2/ZINC000012883027.mol2,4.442002773,
/home/zdy/Project2/data/case/HIV-1-Protease/mol2/ZINC000000387132.mol2,4.442002773,
/home/zdy/Project2/data/case/HIV-1-Protease/mol2/ZINC000036396160.mol2,4.435985684,
/home/zdy/Project2/data/case/HIV-1-Protease/mol2/ZINC000000920757.mol2,4.420348406,
/home/zdy/Project2/data/case/HIV-1-Protease/mol2/ZINC000000920759.mol2,4.420348406,
/home/zdy/Project2/data/case/HIV-1-Protease/mol2/ZINC000409184166.mol2,4.418644905,
/home/zdy/Project2/data/case/HIV-1-Protease/mol2/ZINC000514288717.mol2,4.418138862,
/home/zdy/Project2/data/case/HIV-1-Protease/mol2/ZINC000070640072.mol2,4.415192008,
/home/zdy/Project2/data/case/HIV-1-Protease/mol2/ZINC000409009259.mol2,4.397041798,
/home/zdy/Project2/data/case/HIV-1-Protease/mol2/ZINC000068741251.mol2,4.374709725,
/home/zdy/Project2/data/case/HIV-1-Protease/mol2/ZINC000020279413.mol2,4.368727803,
/home/zdy/Project2/data/case/HIV-1-Protease/mol2/ZINC000020279408.mol2,4.368727803,
/home/zdy/Project2/data/case/HIV-1-Protease/mol2/ZINC000002957923.mol2,4.350626469,
/home/zdy/Project2/data/case/HIV-1-Protease/mol2/ZINC000016648334.mol2,4.330351949,
/home/zdy/Project2/data/case/HIV-1-Protease/mol2/ZINC000059444200.mol2,4.330191016,
/home/zdy/Project2/data/case/HIV-1-Protease/mol2/ZINC000058025868.mol2,4.322075844,
/home/zdy/Project2/data/case/HIV-1-Protease/mol2/ZINC000072008204.mol2,4.322075844,
/home/zdy/Project2/data/case/HIV-1-Protease/mol2/ZINC000000675274.mol2,4.312805533,
/home/zdy/Project2/data/case/HIV-1-Protease/mol2/ZINC000009227409.mol2,4.307249188,
/home/zdy/Project2/data/case/HIV-1-Protease/mol2/ZINC000408609486.mol2,4.305394888,
/home/zdy/Project2/data/case/HIV-1-Protease/mol2/ZINC000408614103.mol2,4.299454689,
/home/zdy/Project2/data/case/HIV-1-Protease/mol2/ZINC000027338567.mol2,4.295746088,
/home/zdy/Project2/data/case/HIV-1-Protease/mol2/ZINC000028427933.mol2,4.293575883,
/home/zdy/Project2/data/case/HIV-1-Protease/mol2/ZINC000020901435.mol2,4.287368655,
/home/zdy/Project2/data/case/HIV-1-Protease/mol2/ZINC000408608622.mol2,4.285691977,
/home/zdy/Project2/data/case/HIV-1-Protease/mol2/ZINC000028207596.mol2,4.283605814,
/home/zdy/Project2/data/case/HIV-1-Protease/mol2/ZINC000408636160.mol2,4.275271893,
/home/zdy/Project2/data/case/HIV-1-Protease/mol2/ZINC000408636159.mol2,4.275271893,
/home/zdy/Project2/data/case/HIV-1-Protease/mol2/ZINC000012922356.mol2,4.269698262,
/home/zdy/Project2/data/case/HIV-1-Protease/mol2/ZINC000003024934.mol2,4.265013933,
/home/zdy/Project2/data/case/HIV-1-Protease/mol2/ZINC000003024932.mol2,4.265013933,
/home/zdy/Project2/data/case/HIV-1-Protease/mol2/ZINC000004694543.mol2,4.25648272,
/home/zdy/Project2/data/case/HIV-1-Protease/mol2/ZINC000408607380.mol2,4.251297116,
/home/zdy/Project2/data/case/HIV-1-Protease/mol2/ZINC000161799664.mol2,4.242116213,
/home/zdy/Project2/data/case/HIV-1-Protease/mol2/ZINC000020032697.mol2,4.236533046,
/home/zdy/Project2/data/case/HIV-1-Protease/mol2/ZINC000016647555.mol2,4.232898951,
/home/zdy/Project2/data/case/HIV-1-Protease/mol2/ZINC000045974619.mol2,4.226859212,
/home/zdy/Project2/data/case/HIV-1-Protease/mol2/ZINC000222747558.mol2,4.222364426,
/home/zdy/Project2/data/case/HIV-1-Protease/mol2/ZINC000028208121.mol2,4.220157266,
/home/zdy/Project2/data/case/HIV-1-Protease/mol2/ZINC000102698508.mol2,4.213685393,
/home/zdy/Project2/data/case/HIV-1-Protease/mol2/ZINC000096171017.mol2,4.212734699,
/home/zdy/Project2/data/case/HIV-1-Protease/mol2/ZINC000015228213.mol2,4.211893678,
/home/zdy/Project2/data/case/HIV-1-Protease/mol2/ZINC000028204648.mol2,4.208649993,
/home/zdy/Project2/data/case/HIV-1-Protease/mol2/ZINC000409391479.mol2,4.197530746,
/home/zdy/Project2/data/case/HIV-1-Protease/mol2/ZINC000409391480.mol2,4.197530746,
/home/zdy/Project2/data/case/HIV-1-Protease/mol2/ZINC000028208441.mol2,4.190095663,
/home/zdy/Project2/data/case/HIV-1-Protease/mol2/ZINC000408620140.mol2,4.182674885,
/home/zdy/Project2/data/case/HIV-1-Protease/mol2/ZINC000408620144.mol2,4.182674885,
/home/zdy/Project2/data/case/HIV-1-Protease/mol2/ZINC000408621694.mol2,4.175375104,
/home/zdy/Project2/data/case/HIV-1-Protease/mol2/ZINC000408621690.mol2,4.175375104,
/home/zdy/Project2/data/case/HIV-1-Protease/mol2/ZINC000408611087.mol2,4.174420834,
/home/zdy/Project2/data/case/HIV-1-Protease/mol2/ZINC000408611089.mol2,4.174420834,
/home/zdy/Project2/data/case/HIV-1-Protease/mol2/ZINC000012648714.mol2,4.152442217,
/home/zdy/Project2/data/case/HIV-1-Protease/mol2/ZINC000004511240.mol2,4.149179459,
/home/zdy/Project2/data/case/HIV-1-Protease/mol2/ZINC000004511237.mol2,4.149179459,
/home/zdy/Project2/data/case/HIV-1-Protease/mol2/ZINC000408614220.mol2,4.148253202,
/home/zdy/Project2/data/case/HIV-1-Protease/mol2/ZINC000028207594.mol2,4.137317538,
/home/zdy/Project2/data/case/HIV-1-Protease/mol2/ZINC000016647544.mol2,4.124574661,
/home/zdy/Project2/data/case/HIV-1-Protease/mol2/ZINC000000387133.mol2,4.124131799,
/home/zdy/Project2/data/case/HIV-1-Protease/mol2/ZINC000034800100.mol2,4.123623371,
/home/zdy/Project2/data/case/HIV-1-Protease/mol2/ZINC000075166549.mol2,4.117567539,
/home/zdy/Project2/data/case/HIV-1-Protease/mol2/ZINC000408636477.mol2,4.115824103,
/home/zdy/Project2/data/case/HIV-1-Protease/mol2/ZINC000003188556.mol2,4.115478396,
/home/zdy/Project2/data/case/HIV-1-Protease/mol2/ZINC000004409243.mol2,4.088333249,
/home/zdy/Project2/data/case/HIV-1-Protease/mol2/ZINC000000667517.mol2,4.081261158,
/home/zdy/Project2/data/case/HIV-1-Protease/mol2/ZINC000000667521.mol2,4.081261158,
/home/zdy/Project2/data/case/HIV-1-Protease/mol2/ZINC000009085921.mol2,4.075351954,
/home/zdy/Project2/data/case/HIV-1-Protease/mol2/ZINC000009085922.mol2,4.075351954,
/home/zdy/Project2/data/case/HIV-1-Protease/mol2/ZINC000408582200.mol2,4.053528905,
/home/zdy/Project2/data/case/HIV-1-Protease/mol2/ZINC000408582203.mol2,4.053528905,
/home/zdy/Project2/data/case/HIV-1-Protease/mol2/ZINC000001368120.mol2,4.050914645,
/home/zdy/Project2/data/case/HIV-1-Protease/mol2/ZINC000000857028.mol2,4.041226506,
/home/zdy/Project2/data/case/HIV-1-Protease/mol2/ZINC000016661481.mol2,4.028230309,
/home/zdy/Project2/data/case/HIV-1-Protease/mol2/ZINC000408601727.mol2,4.016449451,
/home/zdy/Project2/data/case/HIV-1-Protease/mol2/ZINC000002884207.mol2,4.008969665,
/home/zdy/Project2/data/case/HIV-1-Protease/mol2/ZINC000004694952.mol2,3.993694782,
/home/zdy/Project2/data/case/HIV-1-Protease/mol2/ZINC000004694953.mol2,3.993694782,
/home/zdy/Project2/data/case/HIV-1-Protease/mol2/ZINC000328595935.mol2,3.98835659,
/home/zdy/Project2/data/case/HIV-1-Protease/mol2/ZINC000009227412.mol2,3.929672241,
/home/zdy/Project2/data/case/HIV-1-Protease/mol2/ZINC000408606282.mol2,3.917577267,
/home/zdy/Project2/data/case/HIV-1-Protease/mol2/ZINC000001057080.mol2,3.917220831,
/home/zdy/Project2/data/case/HIV-1-Protease/mol2/ZINC000001057086.mol2,3.917220831,
/home/zdy/Project2/data/case/HIV-1-Protease/mol2/ZINC000001075752.mol2,3.914522529,
/home/zdy/Project2/data/case/HIV-1-Protease/mol2/ZINC000012982526.mol2,3.906953335,
/home/zdy/Project2/data/case/HIV-1-Protease/mol2/ZINC000408780524.mol2,3.88230741,
/home/zdy/Project2/data/case/HIV-1-Protease/mol2/ZINC000013496948.mol2,3.878993392,
/home/zdy/Project2/data/case/HIV-1-Protease/mol2/ZINC000408609488.mol2,3.865166903,
/home/zdy/Project2/data/case/HIV-1-Protease/mol2/ZINC000004994623.mol2,3.861215115,
/home/zdy/Project2/data/case/HIV-1-Protease/mol2/ZINC000408603901.mol2,3.8366431,
/home/zdy/Project2/data/case/HIV-1-Protease/mol2/ZINC000408608113.mol2,3.823952675,
/home/zdy/Project2/data/case/HIV-1-Protease/mol2/ZINC000408608117.mol2,3.823952675,
/home/zdy/Project2/data/case/HIV-1-Protease/mol2/ZINC000002810325.mol2,3.817722201,
/home/zdy/Project2/data/case/HIV-1-Protease/mol2/ZINC000161799806.mol2,3.814023733,
/home/zdy/Project2/data/case/HIV-1-Protease/mol2/ZINC000408621053.mol2,3.79355669,
/home/zdy/Project2/data/case/HIV-1-Protease/mol2/ZINC000408621049.mol2,3.79355669,
/home/zdy/Project2/data/case/HIV-1-Protease/mol2/ZINC000108268454.mol2,3.791419864,
/home/zdy/Project2/data/case/HIV-1-Protease/mol2/ZINC000001703578.mol2,3.791287541,
/home/zdy/Project2/data/case/HIV-1-Protease/mol2/ZINC000014135587.mol2,3.76026392,
/home/zdy/Project2/data/case/HIV-1-Protease/mol2/ZINC000408617619.mol2,3.752078414,
/home/zdy/Project2/data/case/HIV-1-Protease/mol2/ZINC000000857047.mol2,3.72023046,
/home/zdy/Project2/data/case/HIV-1-Protease/mol2/ZINC000002975707.mol2,3.717520833,
/home/zdy/Project2/data/case/HIV-1-Protease/mol2/ZINC000408619482.mol2,3.712342978,
/home/zdy/Project2/data/case/HIV-1-Protease/mol2/ZINC000408619483.mol2,3.712342978,
/home/zdy/Project2/data/case/HIV-1-Protease/mol2/ZINC000024685905.mol2,3.706814051,
/home/zdy/Project2/data/case/HIV-1-Protease/mol2/ZINC000009217098.mol2,3.702217937,
/home/zdy/Project2/data/case/HIV-1-Protease/mol2/ZINC000028427938.mol2,3.698087335,
/home/zdy/Project2/data/case/HIV-1-Protease/mol2/ZINC000084579082.mol2,3.697032928,
/home/zdy/Project2/data/case/HIV-1-Protease/mol2/ZINC000408621683.mol2,3.696072102,
/home/zdy/Project2/data/case/HIV-1-Protease/mol2/ZINC000009227410.mol2,3.661346436,
/home/zdy/Project2/data/case/HIV-1-Protease/mol2/ZINC000004409238.mol2,3.654919863,
/home/zdy/Project2/data/case/HIV-1-Protease/mol2/ZINC000006946188.mol2,3.644266725,
/home/zdy/Project2/data/case/HIV-1-Protease/mol2/ZINC000006944724.mol2,3.644266725,
/home/zdy/Project2/data/case/HIV-1-Protease/mol2/ZINC000006587451.mol2,3.639382124,
/home/zdy/Project2/data/case/HIV-1-Protease/mol2/ZINC000000074478.mol2,3.620857,
/home/zdy/Project2/data/case/HIV-1-Protease/mol2/ZINC000006190556.mol2,3.604545593,
/home/zdy/Project2/data/case/HIV-1-Protease/mol2/ZINC000022874474.mol2,3.581103086,
/home/zdy/Project2/data/case/HIV-1-Protease/mol2/ZINC000096171016.mol2,3.549947143,
/home/zdy/Project2/data/case/HIV-1-Protease/mol2/ZINC000096025321.mol2,3.542582989,
/home/zdy/Project2/data/case/HIV-1-Protease/mol2/ZINC000096025322.mol2,3.542582989,
/home/zdy/Project2/data/case/HIV-1-Protease/mol2/ZINC000000464362.mol2,3.530007005,
/home/zdy/Project2/data/case/HIV-1-Protease/mol2/ZINC000000380223.mol2,3.525060415,
/home/zdy/Project2/data/case/HIV-1-Protease/mol2/ZINC000000145697.mol2,3.510968089,
/home/zdy/Project2/data/case/HIV-1-Protease/mol2/ZINC000046294920.mol2,3.509203196,
/home/zdy/Project2/data/case/HIV-1-Protease/mol2/ZINC000000842957.mol2,3.501929641,
/home/zdy/Project2/data/case/HIV-1-Protease/mol2/ZINC000009462086.mol2,3.497925997,
/home/zdy/Project2/data/case/HIV-1-Protease/mol2/ZINC000015443709.mol2,3.488838077,
/home/zdy/Project2/data/case/HIV-1-Protease/mol2/ZINC000408608265.mol2,3.478777409,
/home/zdy/Project2/data/case/HIV-1-Protease/mol2/ZINC000000780804.mol2,3.473809361,
/home/zdy/Project2/data/case/HIV-1-Protease/mol2/ZINC000013496957.mol2,3.431779742,
/home/zdy/Project2/data/case/HIV-1-Protease/mol2/ZINC000027338565.mol2,3.428177238,
/home/zdy/Project2/data/case/HIV-1-Protease/mol2/ZINC000187154036.mol2,3.418967128,
/home/zdy/Project2/data/case/HIV-1-Protease/mol2/ZINC000237692985.mol2,3.418967128,
/home/zdy/Project2/data/case/HIV-1-Protease/mol2/ZINC000000912417.mol2,3.403981328,
/home/zdy/Project2/data/case/HIV-1-Protease/mol2/ZINC000408610248.mol2,3.392831087,
/home/zdy/Project2/data/case/HIV-1-Protease/mol2/ZINC000408609231.mol2,3.387123942,
/home/zdy/Project2/data/case/HIV-1-Protease/mol2/ZINC000001703577.mol2,3.371371627,
/home/zdy/Project2/data/case/HIV-1-Protease/mol2/ZINC000009365369.mol2,3.317533135,
/home/zdy/Project2/data/case/HIV-1-Protease/mol2/ZINC000016576329.mol2,3.297893405,
/home/zdy/Project2/data/case/HIV-1-Protease/mol2/ZINC000408613871.mol2,3.297516108,
/home/zdy/Project2/data/case/HIV-1-Protease/mol2/ZINC000002878041.mol2,3.269630075,
/home/zdy/Project2/data/case/HIV-1-Protease/mol2/ZINC000001133096.mol2,3.248366714,
/home/zdy/Project2/data/case/HIV-1-Protease/mol2/ZINC000001133099.mol2,3.248366714,
/home/zdy/Project2/data/case/HIV-1-Protease/mol2/ZINC000000892926.mol2,3.238730431,
/home/zdy/Project2/data/case/HIV-1-Protease/mol2/ZINC000408614163.mol2,3.23829174,
/home/zdy/Project2/data/case/HIV-1-Protease/mol2/ZINC000002726068.mol2,3.221469522,
/home/zdy/Project2/data/case/HIV-1-Protease/mol2/ZINC000028207365.mol2,3.212140203,
/home/zdy/Project2/data/case/HIV-1-Protease/mol2/ZINC000000885023.mol2,3.209671378,
/home/zdy/Project2/data/case/HIV-1-Protease/mol2/ZINC000016576829.mol2,3.181009293,
/home/zdy/Project2/data/case/HIV-1-Protease/mol2/ZINC000408617380.mol2,3.180230856,
/home/zdy/Project2/data/case/HIV-1-Protease/mol2/ZINC000408617375.mol2,3.180230856,
/home/zdy/Project2/data/case/HIV-1-Protease/mol2/ZINC000071415933.mol2,3.160708547,
/home/zdy/Project2/data/case/HIV-1-Protease/mol2/ZINC000409003426.mol2,3.153713346,
/home/zdy/Project2/data/case/HIV-1-Protease/mol2/ZINC000035397954.mol2,3.134048581,
/home/zdy/Project2/data/case/HIV-1-Protease/mol2/ZINC000095990980.mol2,3.125142455,
/home/zdy/Project2/data/case/HIV-1-Protease/mol2/ZINC000069629413.mol2,3.121353388,
/home/zdy/Project2/data/case/HIV-1-Protease/mol2/ZINC000002960123.mol2,3.111410737,
/home/zdy/Project2/data/case/HIV-1-Protease/mol2/ZINC000002279237.mol2,3.099656105,
/home/zdy/Project2/data/case/HIV-1-Protease/mol2/ZINC000408614162.mol2,3.062460423,
/home/zdy/Project2/data/case/HIV-1-Protease/mol2/ZINC000004616497.mol2,3.050793409,
/home/zdy/Project2/data/case/HIV-1-Protease/mol2/ZINC000004616496.mol2,3.050793409,
/home/zdy/Project2/data/case/HIV-1-Protease/mol2/ZINC000020032693.mol2,3.042103052,
/home/zdy/Project2/data/case/HIV-1-Protease/mol2/ZINC000408625065.mol2,3.01576972,
/home/zdy/Project2/data/case/HIV-1-Protease/mol2/ZINC000408625066.mol2,3.01576972,
/home/zdy/Project2/data/case/HIV-1-Protease/mol2/ZINC000027551410.mol2,2.983302772,
/home/zdy/Project2/data/case/HIV-1-Protease/mol2/ZINC000000079959.mol2,2.966052592,
/home/zdy/Project2/data/case/HIV-1-Protease/mol2/ZINC000059444185.mol2,2.940050364,
/home/zdy/Project2/data/case/HIV-1-Protease/mol2/ZINC000408608261.mol2,2.925405502,
/home/zdy/Project2/data/case/HIV-1-Protease/mol2/ZINC000006325645.mol2,2.920431495,
/home/zdy/Project2/data/case/HIV-1-Protease/mol2/ZINC000015743890.mol2,2.903941274,
/home/zdy/Project2/data/case/HIV-1-Protease/mol2/ZINC000059516213.mol2,2.889634967,
/home/zdy/Project2/data/case/HIV-1-Protease/mol2/ZINC000409020949.mol2,2.842909098,
/home/zdy/Project2/data/case/HIV-1-Protease/mol2/ZINC000226073176.mol2,2.835418582,
/home/zdy/Project2/data/case/HIV-1-Protease/mol2/ZINC000002960121.mol2,2.80326426,
/home/zdy/Project2/data/case/HIV-1-Protease/mol2/ZINC000016576327.mol2,2.791705132,
/home/zdy/Project2/data/case/HIV-1-Protease/mol2/ZINC000007308188.mol2,2.762578726,
/home/zdy/Project2/data/case/HIV-1-Protease/mol2/ZINC000004122313.mol2,2.731496096,
/home/zdy/Project2/data/case/HIV-1-Protease/mol2/ZINC000016161758.mol2,2.720885277,
/home/zdy/Project2/data/case/HIV-1-Protease/mol2/ZINC000226857008.mol2,2.719660699,
/home/zdy/Project2/data/case/HIV-1-Protease/mol2/ZINC000059444141.mol2,2.696205378,
/home/zdy/Project2/data/case/HIV-1-Protease/mol2/ZINC000039985291.mol2,2.685272694,
/home/zdy/Project2/data/case/HIV-1-Protease/mol2/ZINC000039985290.mol2,2.685272694,
/home/zdy/Project2/data/case/HIV-1-Protease/mol2/ZINC000169828255.mol2,2.683810592,
/home/zdy/Project2/data/case/HIV-1-Protease/mol2/ZINC000408607381.mol2,2.659823895,
/home/zdy/Project2/data/case/HIV-1-Protease/mol2/ZINC000267822486.mol2,2.613345385,
/home/zdy/Project2/data/case/HIV-1-Protease/mol2/ZINC000362127835.mol2,2.613345385,
/home/zdy/Project2/data/case/HIV-1-Protease/mol2/ZINC000005814300.mol2,2.434225529,
/home/zdy/Project2/data/case/HIV-1-Protease/mol2/ZINC000005814299.mol2,2.434225529,
/home/zdy/Project2/data/case/HIV-1-Protease/mol2/ZINC000757186023.mol2,2.292336971,
/home/zdy/Project2/data/case/HIV-1-Protease/mol2/ZINC000016576833.mol2,2.215130627,
/home/zdy/Project2/data/case/HIV-1-Protease/mol2/ZINC000408624923.mol2,2.084059268,
/home/zdy/Project2/data/case/HIV-1-Protease/mol2/ZINC000408626149.mol2,1.999741346,
/home/zdy/Project2/data/case/HIV-1-Protease/mol2/ZINC000408626148.mol2,1.999741346,
/home/zdy/Project2/data/case/HIV-1-Protease/mol2/ZINC000409068262.mol2,1.931714863,
/home/zdy/Project2/data/case/HIV-1-Protease/mol2/ZINC000002905974.mol2,1.911794692,
/home/zdy/Project2/data/case/HIV-1-Protease/mol2/ZINC000002966810.mol2,1.730183959,
/home/zdy/Project2/data/case/HIV-1-Protease/mol2/ZINC000006944730.mol2,1.687168926,
/home/zdy/Project2/data/case/HIV-1-Protease/mol2/ZINC000006946193.mol2,1.687168926,
/home/zdy/Project2/data/case/HIV-1-Protease/mol2/ZINC000002905973.mol2,1.681491435,
/home/zdy/Project2/data/case/HIV-1-Protease/mol2/ZINC000016576553.mol2,1.656447649,
/home/zdy/Project2/data/case/HIV-1-Protease/mol2/ZINC000002662332.mol2,1.635510474,
/home/zdy/Project2/data/case/HIV-1-Protease/mol2/ZINC000000842949.mol2,1.608342826,
/home/zdy/Project2/data/case/HIV-1-Protease/mol2/ZINC000000842948.mol2,1.608342826,
/home/zdy/Project2/data/case/HIV-1-Protease/mol2/ZINC000004694954.mol2,1.224271655,
/home/zdy/Project2/data/case/HIV-1-Protease/mol2/ZINC000002899105.mol2,0.804104358,
/home/zdy/Project2/data/case/HIV-1-Protease/mol2/ZINC000016576559.mol2,0.761936232,
/home/zdy/Project2/data/case/HIV-1-Protease/mol2/ZINC000016576556.mol2,0.761936232,
/home/zdy/Project2/data/case/HIV-1-Protease/mol2/ZINC000006944775.mol2,0.254302099,
/home/zdy/Project2/data/case/HIV-1-Protease/mol2/ZINC000006946237.mol2,0.254302099,
/home/zdy/Project2/data/case/HIV-1-Protease/mol2/ZINC000095370234.mol2,,
/home/zdy/Project2/data/case/HIV-1-Protease/mol2/ZINC000071144686.mol2,,
/home/zdy/Project2/data/case/HIV-1-Protease/mol2/ZINC000040059737.mol2,,
/home/zdy/Project2/data/case/HIV-1-Protease/mol2/ZINC000040059736.mol2,,
/home/zdy/Project2/data/case/HIV-1-Protease/mol2/ZINC000123580116.mol2,,
/home/zdy/Project2/data/case/HIV-1-Protease/mol2/ZINC000079057823.mol2,,
/home/zdy/Project2/data/case/HIV-1-Protease/mol2/ZINC000237435920.mol2,,
/home/zdy/Project2/data/case/HIV-1-Protease/mol2/ZINC000085597987.mol2,,
/home/zdy/Project2/data/case/HIV-1-Protease/mol2/ZINC000057761894.mol2,,
/home/zdy/Project2/data/case/HIV-1-Protease/mol2/ZINC000031625402.mol2,,
/home/zdy/Project2/data/case/HIV-1-Protease/mol2/ZINC000053202973.mol2,,
/home/zdy/Project2/data/case/HIV-1-Protease/mol2/ZINC000253427233.mol2,,
/home/zdy/Project2/data/case/HIV-1-Protease/mol2/ZINC000053202972.mol2,,
/home/zdy/Project2/data/case/HIV-1-Protease/mol2/ZINC000006844205.mol2,,
/home/zdy/Project2/data/case/HIV-1-Protease/mol2/ZINC000004935725.mol2,,
/home/zdy/Project2/data/case/HIV-1-Protease/mol2/ZINC000237809524.mol2,,
/home/zdy/Project2/data/case/HIV-1-Protease/mol2/ZINC000077200743.mol2,,
/home/zdy/Project2/data/case/HIV-1-Protease/mol2/ZINC000065363929.mol2,,
/home/zdy/Project2/data/case/HIV-1-Protease/mol2/ZINC000085598159.mol2,,
/home/zdy/Project2/data/case/HIV-1-Protease/mol2/ZINC000096245397.mol2,,
/home/zdy/Project2/data/case/HIV-1-Protease/mol2/ZINC000045944819.mol2,,
/home/zdy/Project2/data/case/HIV-1-Protease/mol2/ZINC000136675139.mol2,,
/home/zdy/Project2/data/case/HIV-1-Protease/mol2/ZINC000019477666.mol2,,
/home/zdy/Project2/data/case/HIV-1-Protease/mol2/ZINC000009441642.mol2,,
/home/zdy/Project2/data/case/HIV-1-Protease/mol2/ZINC000426722728.mol2,,
/home/zdy/Project2/data/case/HIV-1-Protease/mol2/ZINC000158195753.mol2,,
/home/zdy/Project2/data/case/HIV-1-Protease/mol2/ZINC000013565106.mol2,,
/home/zdy/Project2/data/case/HIV-1-Protease/mol2/ZINC000090608972.mol2,,
/home/zdy/Project2/data/case/HIV-1-Protease/mol2/ZINC000048325506.mol2,,
/home/zdy/Project2/data/case/HIV-1-Protease/mol2/ZINC000031625403.mol2,,
/home/zdy/Project2/data/case/HIV-1-Protease/mol2/ZINC000822662146.mol2,,
/home/zdy/Project2/data/case/HIV-1-Protease/mol2/ZINC000237536271.mol2,,
/home/zdy/Project2/data/case/HIV-1-Protease/mol2/ZINC000096319974.mol2,,
/home/zdy/Project2/data/case/HIV-1-Protease/mol2/ZINC000065363930.mol2,,
/home/zdy/Project2/data/case/HIV-1-Protease/mol2/ZINC000079057839.mol2,,
/home/zdy/Project2/data/case/HIV-1-Protease/mol2/ZINC000088059570.mol2,,
/home/zdy/Project2/data/case/HIV-1-Protease/mol2/ZINC000237634822.mol2,,
/home/zdy/Project2/data/case/HIV-1-Protease/mol2/ZINC000071144684.mol2,,
/home/zdy/Project2/data/case/HIV-1-Protease/mol2/ZINC000085598016.mol2,,
/home/zdy/Project2/data/case/HIV-1-Protease/mol2/ZINC000079057821.mol2,,
/home/zdy/Project2/data/case/HIV-1-Protease/mol2/ZINC000096245398.mol2,,
/home/zdy/Project2/data/case/HIV-1-Protease/mol2/ZINC000012785920.mol2,,
/home/zdy/Project2/data/case/HIV-1-Protease/mol2/ZINC000112511459.mol2,,
/home/zdy/Project2/data/case/HIV-1-Protease/mol2/ZINC000090608971.mol2,,
/home/zdy/Project2/data/case/HIV-1-Protease/mol2/ZINC000079057830.mol2,,
/home/zdy/Project2/data/case/HIV-1-Protease/mol2/ZINC000237809622.mol2,,
/home/zdy/Project2/data/case/HIV-1-Protease/mol2/ZINC000058331448.mol2,,
/home/zdy/Project2/data/case/HIV-1-Protease/mol2/ZINC000012800113.mol2,,
/home/zdy/Project2/data/case/HIV-1-Protease/mol2/ZINC000244983726.mol2,,
/home/zdy/Project2/data/case/HIV-1-Protease/mol2/ZINC000009441646.mol2,,
/home/zdy/Project2/data/case/HIV-1-Protease/mol2/ZINC000012982528.mol2,,
/home/zdy/Project2/data/case/HIV-1-Protease/mol2/ZINC000096323290.mol2,,
/home/zdy/Project2/data/case/HIV-1-Protease/mol2/ZINC000112511463.mol2,,
/home/zdy/Project2/data/case/HIV-1-Protease/mol2/ZINC000237504753.mol2,,
/home/zdy/Project2/data/case/HIV-1-Protease/mol2/ZINC000077200829.mol2,,
/home/zdy/Project2/data/case/HIV-1-Protease/mol2/ZINC000088059571.mol2,,
